Model,R²,MAE,RMSE
Random Forest,0.7353200247348767,0.685170967741935,1.487818597488368
Gradient Boosting,0.7074102754158038,0.7266800453293738,1.564296146245347
Neural Network,0.6596183150505728,0.645874894597838,1.6872231756032667
SVR,0.31959761125452346,0.8006834687240934,2.38546118948285
