Model,R²,MAE,RMSE
Neural Network,0.9316972373217115,0.3993899597590581,0.5506044421944417
SVR,0.7424272002994023,0.770082704226738,1.0692286202776038
Gradient Boosting,0.6873203509753372,0.8790072065177001,1.178068066046026
Random Forest,0.5812728965360785,1.0818204933737257,1.3632832923293596
